{"cameraMode":{"drawMode":0,"name":"Shaded","section":"Shading Mode"},"sceneLighting":false,"audioPlay":false,"sceneViewState":{"showFog":true,"showMaterialUpdate":false,"showSkybox":false,"showFlares":true,"showImageEffects":true,"showParticleSystems":true},"in2DMode":false,"pivot":{"x":-0.7327877283096314,"y":0.7538400888442993,"z":1.3718466758728028},"rotation":{"x":-0.09674911946058274,"y":-0.7127028703689575,"z":0.10029639303684235,"w":-0.6874908804893494},"size":1.0122826099395753,"orthographic":false}