{"cameraMode":{"drawMode":0,"name":"Shaded","section":"Shading Mode"},"sceneLighting":false,"audioPlay":false,"sceneViewState":{"showFog":true,"showMaterialUpdate":false,"showSkybox":false,"showFlares":true,"showImageEffects":true,"showParticleSystems":true},"in2DMode":false,"pivot":{"x":8.189655303955079,"y":6.909446716308594,"z":-2.8544015884399416},"rotation":{"x":0.022979291155934335,"y":-0.24287959933280946,"z":-0.005754624959081411,"w":-0.9697744250297546},"size":25.105539321899415,"orthographic":false}