{"cameraMode":{"drawMode":0,"name":"Shaded","section":"Shading Mode"},"sceneLighting":false,"audioPlay":false,"sceneViewState":{"showFog":true,"showMaterialUpdate":false,"showSkybox":false,"showFlares":true,"showImageEffects":true,"showParticleSystems":true},"in2DMode":false,"pivot":{"x":-0.7908182144165039,"y":-0.37184345722198489,"z":1.9207723140716553},"rotation":{"x":-0.1302134096622467,"y":-0.6202176809310913,"z":0.1053856909275055,"w":-0.7663366198539734},"size":2.642406463623047,"orthographic":false}